INSERT INTO clients (name) VALUES
('Cliente'),
('Necxt'),
('Stefanini'),
('Ponto Certificado'),
('Stefanini NetWorking'),
('N1IT'),
('Vallourec');

INSERT INTO projects (name, description, area, client_id) VALUES
('Abacus', 'Verificar', 'INTERN', 2),
('Amil', 'Verificar', 'INTERN', 3),
('ATC', 'Verificar', 'INTERN', 2),
('Baixar Faturas', 'Verificar', 'INTERN', 2),
('Bloqueio', 'Verificar', 'INTERN', 2),
('Captacao e Proteção de Ponto', 'Verificar', 'INTERN', 4),
('Cartão', 'Verificar', 'INTERN', 2),
('Causas Cíveis', 'Verificar', 'INTERN', 2),
('Cofre de Senha', 'Verificar', 'INTERN', 2),
('Compras Seguras', 'Verificar', 'INTERN', 2),
('Contestação', 'Verificar', 'INTERN', 2),
('CV Não Reconhece', 'Verificar', 'INTERN', 2),
('Departamento Pessoal', 'Verificar', 'INTERN', 3),
('Desacordo Comercial', 'Verificar', 'INTERN', 2),
('Extração de Comprovantes', 'Verificar', 'INTERN', 3),
('Extrator Siach', 'Verificar', 'INTERN', 2),
('Gerenciador de Projetos', 'Verificar', 'INTERN', 3),
('Legado GED - Jurídico', 'Verificar', 'INTERN', 3),
('Monitoria de Qualidade', 'Verificar', 'INTERN', 3),
('Patinete', 'Verificar', 'INTERN', 3),
('Pda Fraude', 'Verificar', 'INTERN', 2),
('Perfil Detecção OLÉ', 'Verificar', 'INTERN', 2),
('Ratreio', 'Verificar', 'INTERN', 3),
('Rejeições', 'Verificar', 'INTERN', 2),
('Reporte de Fraude', 'Verificar', 'INTERN', 2),
('Reporte Fraude', 'Verificar', 'INTERN', 2),
('SAP', 'Verificar', 'INTERN', 3),
('Stefanini Consultoria', 'Verificar', 'INTERN', 5),
('Submit', 'Verificar', 'INTERN', 2),
('Voucher', 'Verificar', 'INTERN', 2),
('_Interno', 'Lançamento de horas com custo interno da Squad RPA', 'INTERN', 3),
('Power Skill', 'Verificar', 'INTERN', 2),
('ExtratosFGTS', 'Verificar', 'INTERN', 3),
('DespesasRM', 'Verificar', 'INTERN', 3),
('Comprovantes Santander', 'Verificar', 'INTERN', 3),
('DACTE', 'Verificar', 'INTERN', 3),
('Comprovantes Itau', 'Verificar', 'INTERN', 3),
('BoletoDDA', 'Verificar', 'INTERN', 3),
('EspelhoPonto', 'Verificar', 'INTERN', 3),
('ECAC REINF', 'Verificar', 'INTERN', 3),
('Genérico108', 'Verificar', 'INTERN', 3),
('ChatbotQualitor', 'Verificar', 'INTERN', 3),
('Balancete', 'Verificar', 'INTERN', 3),
('Patinete Itau', 'Verificar', 'INTERN', 3),
('NatDocs', 'Verificar', 'INTERN', 3),
('Benefícios', 'Benefícios', 'INTERN', 3),
('Demanda Interna', 'Planejamento de Novas View', 'INTERN', 2),
('Sistemas Corporativos', 'Sistemas Corporativos', 'INTERN', NULL), -- Cliente vazio
('Posição Bancária', 'Posição Bancária', 'INTERN', 3),
('Tesouraria', 'Tesouraria', 'INTERN', 3),
('Controles internos', 'Controles internos', 'INTERN', 3),
('RH', 'RH', 'INTERN', 3),
('Book Administrativo', 'Book Administrativo', 'INTERN', 3),
('FGTS', 'FGTS', 'INTERN', 3),
('Genesys', 'Genesys', 'INTERN', 2),
('Braskem', 'Braskem', 'INTERN', 2),
('DP Admissão', 'DP Admissão', 'INTERN', 3),
('Comgás', 'Comgás', 'INTERN', 2),
('Gestão de Ativos', 'Gestão de Ativos', 'INTERN', 3),
('Piloto', 'Piloto', 'EXTERNAL', 2),
('Tributário', 'Tributário', 'INTERN', 3),
('Santander', 'Santander', 'INTERN', 3),
('Vallourec', 'Projeto Delivery', 'EXTERNAL', 7),
('Operações', 'NATCORP', 'INTERN', 3),
('Profissionais demitidos', 'Verificar', 'INTERN', 3),
('SST', 'Verificar', 'INTERN', 3),
('SAT', 'Verificar', 'EXTERNAL', 2),
('Master Parcelado', 'Verificar', 'EXTERNAL', 2),
('ELO Parcelado', 'Verificar', 'EXTERNAL', 2),
('Renovação de acesso', 'Verificar', 'EXTERNAL', 2),
('Reset de senha', 'Verificar', 'EXTERNAL', 2),
('Cenario de teste', 'Verificar', 'INTERN', 3),
('ANVISA', 'Verificar', 'EXTERNAL', 2),
('PDA', 'Verificar', 'INTERN', 2);

INSERT INTO submitter_info (
    id,
    name,
    email,
    phone,
    department,
    company,
    role,
    is_active,
    requests_submitted,
    last_activity,
    joined_at
) VALUES (
    '3f5d5b9a-2a6c-4d8e-8e2b-74a946e6f5f7',
    'Lucas Hernandes Furquim',
    'lhfurquim@stefanini.com',
    NULL,
    'CEL 1146 | STEFANINI CONSULTORIA',
    'STEFANINI CONSULTORIA',
    'Usuário',
    TRUE,
    0,
    NULL,
    NOW()
);

INSERT INTO requests (
    id, type, description, submitted_by, celula, submitter_info_id,
    robot, tecnologia_automacao, empresa, ja_sustentada, tem_documentacao, id_cliente,
    nome_cliente, id_servico, nome_servico, usuario_automacao, servidor_automacao,
    created_at, updated_at
) VALUES
(
    RANDOM_UUID(),
    'MELHORIA',
    'Melhoria no processo de criação de incidentes espelho para otimizar tempo de resposta',
    'joao.silva@stefanini.com', '621', '3f5d5b9a-2a6c-4d8e-8e2b-74a946e6f5f7',
    'Criação de Incidente Espelho - Vale', 'Power Automate Desktop', 'STEFANINI',
    true, true, 'CLI001', 'Vale S.A.', 'SRV001', 'Gestão de Incidentes',
    'admin.vale', 'SRV-VALE-01', NOW(), NOW()
),
(
    RANDOM_UUID(),
    'MELHORIA',
    'Aprimoramento do sistema de detecção de perfil de cliente para maior precisão',
    'maria.santos@stefanini.com', '504', '3f5d5b9a-2a6c-4d8e-8e2b-74a946e6f5f7',
    'Deteccao_Perfil_Cliente', 'Power Automate Desktop', 'STEFANINI',
    false, true, 'CLI002', 'Empresa XYZ Ltda', 'SRV002', 'Análise de Perfil',
    'user.xyz', 'SRV-XYZ-02', NOW(), NOW()
),
(
    RANDOM_UUID(),
    'MELHORIA',
    'Otimização do processo de extração de faturas com melhor tratamento de exceções',
    'pedro.oliveira@stefanini.com', '418', '3f5d5b9a-2a6c-4d8e-8e2b-74a946e6f5f7',
    'Extracao_Fatura', 'Power Automate Desktop', 'STEFANINI',
    true, false, 'CLI003', 'Telefônica Brasil S.A.', 'SRV003', 'Processamento de Faturas',
    'admin.telefonica', 'SRV-TEL-03', NOW(), NOW()
),
(
RANDOM_UUID(),
    'MELHORIA',
    'Melhoria no dispatcher de contestação da Caixa para distribuição mais eficiente',
    'ana.costa@stefanini.com', '411', '3f5d5b9a-2a6c-4d8e-8e2b-74a946e6f5f7',
    'Caixa_Contestacao_Dispatcher', 'Power Automate Desktop', 'STEFANINI',
    true, true, 'CLI004', 'Caixa Econômica Federal', 'SRV004', 'Contestação Bancária',
    'admin.caixa', 'SRV-CAIXA-01', NOW(), NOW()
),
(
RANDOM_UUID(),
    'MELHORIA',
    'Aperfeiçoamento do processo Visa à vista para redução de tempo de processamento',
    'carlos.ferreira@stefanini.com', '411', '3f5d5b9a-2a6c-4d8e-8e2b-74a946e6f5f7',
    'Visa_A_Vista', 'Power Automate Desktop', 'STEFANINI',
    false, true, 'CLI005', 'Visa do Brasil Ltda', 'SRV005', 'Processamento Visa',
    'user.visa', 'SRV-VISA-01', NOW(), NOW()
),
(
    RANDOM_UUID(),
    'MELHORIA',
    'Melhoria no sistema de renovação de acesso do Banco Inter',
    'lucia.almeida@stefanini.com', '230', '3f5d5b9a-2a6c-4d8e-8e2b-74a946e6f5f7',
    'Renovação de Acesso – Banco Inter', 'Power Automate Desktop', 'STEFANINI',
    true, false, 'CLI006', 'Banco Inter S.A.', 'SRV006', 'Gestão de Acessos',
    'admin.inter', 'SRV-INTER-01', NOW(), NOW()
),
(
    RANDOM_UUID(),
    'MELHORIA',
    'Otimização do BookAdministrativo para geração de holerites',
    'roberto.lima@stefanini.com', '128', '3f5d5b9a-2a6c-4d8e-8e2b-74a946e6f5f7',
    'BookAdministrativo_Holerite', 'Power Automate Desktop', 'STEFANINI',
    true, true, 'CLI007', 'Empresa ABC S.A.', 'SRV007', 'Gestão de RH',
    'rh.abc', 'SRV-ABC-RH', NOW(), NOW()
),
(
    RANDOM_UUID(),
    'MELHORIA',
    'Melhoria no processo de baixa de pagamento Itaú',
    'fernanda.rocha@stefanini.com', '99', '3f5d5b9a-2a6c-4d8e-8e2b-74a946e6f5f7',
    'Baixa de pagamento (ITAU)', 'Power Automate Desktop', 'STEFANINI',
    false, true, 'CLI008', 'Itaú Unibanco S.A.', 'SRV008', 'Conciliação Bancária',
    'fin.itau', 'SRV-ITAU-FIN', NOW(), NOW()
),
(
    RANDOM_UUID(),
    'MELHORIA',
    'Aperfeiçoamento do DACTE RM para melhor integração',
    'gustavo.martins@stefanini.com', '99', '3f5d5b9a-2a6c-4d8e-8e2b-74a946e6f5f7',
    'DACTE RM', 'Power Automate Desktop', 'STEFANINI',
    true, false, 'CLI009', 'RM Sistemas Ltda', 'SRV009', 'Gestão Fiscal',
    'fiscal.rm', 'SRV-RM-FISCAL', NOW(), NOW()
),
(
    RANDOM_UUID(),
    'MELHORIA',
    'Melhoria no extrator SAT para maior estabilidade',
    'camila.barbosa@stefanini.com', '411', '3f5d5b9a-2a6c-4d8e-8e2b-74a946e6f5f7',
    'Extrator_Sat', 'Power Automate Desktop', 'STEFANINI',
    true, true, 'CLI010', 'Empresa SAT Corp', 'SRV010', 'Extração de Dados',
    'op.sat', 'SRV-SAT-OP', NOW(),NOW()
);

INSERT INTO requests (
    id, type, description, submitted_by, celula, submitter_info_id,
    robot, tecnologia_automacao, empresa, roi, cliente, servico, area_negocio,
    nome_processo, frequencia_execucao, sazonalidade, volumetria, duracao_cada_caso,
    quantas_pessoas_trabalham, fonte_dados_entrada, usamfa, existe_captcha,
    existe_certificado_digital, possivel_usarapi, possibilidade_usuario_robotico,
    limitacao_acesso_login, acesso_aplicacoes, rdp_opcao_positiva, necessitavpn,
    analise_humana_etapa, restricao_tecnologia_sistema, regras_definidas,
    processo_repetitivo, dados_estruturados, created_at, updated_at
) VALUES
(
    RANDOM_UUID(),
    'NOVO_PROJETO',
    'Novo projeto de automação para processamento de NFs FEMSA no SAP',
    'rafael.silva@stefanini.com', '526', '3f5d5b9a-2a6c-4d8e-8e2b-74a946e6f5f7',
    'Necxt_FEMSA_SAP_ColetaDados', 'Power Automate Desktop', 'STEFANINI',
    'ROI estimado de 35% em 12 meses com redução de 80% do tempo de processamento',
    'FEMSA Coca-Cola', 'Coleta de Dados SAP', 'Financeiro',
    'Processamento de Notas Fiscais', 'Diária', 'Baixa sazonalidade',
    'Aproximadamente 500 NFs por dia, com picos de até 800 em final de mês',
    '15 minutos', 5, 'Sistema SAP via interface web',
    'Sim, utiliza autenticação multifator via token RSA',
    'Não possui CAPTCHA no processo atual',
    'Sim, necessário certificado digital A3 para validação',
    'Possível implementação via RFC SAP, em análise pela TI',
    'Viável criação de usuário específico para automação com perfil limitado',
    'Acesso limitado por IP específico e horário comercial (8h-18h)',
    'SAP GUI, Internet Explorer 11, sistema interno FEMSA, planilhas Excel',
    'Sim, ambiente permite RDP com servidor dedicado',
    'Sim, necessária VPN corporativa com certificado',
    'Validação manual necessária para NFs acima de R$ 10.000 e fornecedores novos',
    'Restrição de versão específica do SAP GUI (7.60) e Internet Explorer',
    'Sim, regras de negócio bem definidas e documentadas',
    'Sim, processo altamente repetitivo e padronizado',
    'Sim, dados completamente estruturados em XML e tabelas', NOW(),NOW()
),
(
    RANDOM_UUID(),
    'NOVO_PROJETO',
    'Automatização do processo de reconhecimento de CV com IA',
    'beatriz.santos@stefanini.com', '504', '3f5d5b9a-2a6c-4d8e-8e2b-74a946e6f5f7',
    'CV não reconhece', 'Power Automate Desktop', 'STEFANINI',
    'ROI de 45% com redução de 70% no tempo de triagem de currículos',
    'RH Corp Consultoria', 'Análise de Currículos', 'Recursos Humanos',
    'Reconhecimento e Classificação de CVs', 'Contínua', 'Alta sazonalidade em Q1 e Q3',
    'Entre 100-300 CVs por dia, com picos de 500 em períodos de contratação massiva',
    '8 minutos por CV', 3, 'E-mails corporativos e upload via portal RH',
    'Não utiliza MFA para upload de CVs',
    'Sim, possui CAPTCHA em upload para evitar spam',
    'Não necessário certificado digital', 'Não há API disponível no momento',
    'Possível criação de usuário dedicado com permissões específicas',
    'Sem limitações específicas de horário ou IP',
    'Portal RH web (Chrome/Edge), sistema ATS interno, leitor de PDF',
    'Sim, suporta RDP em ambiente virtualizado',
    'Não necessária VPN para acesso externo',
    'Revisão humana obrigatória para CVs com score de compatibilidade baixo (<70%)',
    'Compatibilidade apenas com Chrome v90+ ou Edge, requer Adobe Reader',
    'Sim, critérios de triagem bem definidos pela área de RH',
    'Sim, processo totalmente padronizado com checklist',
    'Parcialmente estruturados - PDFs com layout variável', NOW(),NOW()
),
(
    RANDOM_UUID(),
    'NOVO_PROJETO',
    'Projeto de automação para gestão integrada de incidentes',
    'diego.costa@stefanini.com', '621', '3f5d5b9a-2a6c-4d8e-8e2b-74a946e6f5f7',
    'Gerenciador de Incidentes', 'Power Automate Desktop', 'STEFANINI',
    'ROI estimado de 28% com melhoria significativa na qualidade do atendimento',
    'TechService Solutions', 'Gestão de Incidentes', 'Tecnologia da Informação',
    'Triagem e Distribuição Automática de Incidentes', 'Contínua 24/7', 'Baixa sazonalidade',
    'Média de 200 incidentes/dia, com picos de 350 em horários comerciais',
    '5 minutos por incidente', 8, 'Sistema ServiceNow via API REST e interface web',
    'Sim, MFA obrigatório com Google Authenticator',
    'Não possui CAPTCHA no ServiceNow',
    'Sim, necessário certificado para acesso de administrador',
    'Sim, API REST completa disponível e documentada',
    'Altamente recomendado usuário de serviço dedicado',
    'Acesso restrito por grupo Active Directory e horário',
    'ServiceNow, Microsoft Teams, sistema de monitoramento Nagios',
    'Sim, ambiente completamente virtualizado com VMware',
    'Sim, VPN corporativa obrigatória para acesso externo',
    'Escalação manual obrigatória para incidentes críticos (P1/P2)',
    'Versão específica do ServiceNow (Quebec) e navegador atualizado',
    'Sim, SLA bem definido e matriz de escalação documentada',
    'Sim, fluxo de trabalho totalmente padronizado com ITIL',
    'Sim, dados estruturados em JSON via API', NOW(),NOW()
),
(
    RANDOM_UUID(),
    'NOVO_PROJETO',
    'Automação completa do processo ATC_B para compliance bancário',
    'patricia.alves@stefanini.com', '411', '3f5d5b9a-2a6c-4d8e-8e2b-74a946e6f5f7',
    'Atc_B', 'Power Automate Desktop', 'STEFANINI',
    'ROI de 52% com redução significativa de erros manuais e multas',
    'Banco Central do Brasil', 'Processamento ATC', 'Compliance Financeiro',
    'Análise e Tratamento de Casos Complexos Bancários', 'Semanal', 'Sem sazonalidade específica',
    'Cerca de 50 casos por semana, cada caso pode ter múltiplas etapas e validações',
    '45 minutos por caso complexo', 2, 'Sistema proprietário via terminal green screen 3270',
    'Sim, autenticação forte com token físico',
    'Não há CAPTCHA em sistema mainframe',
    'Sim, certificado A3 obrigatório para todas as operações',
    'Não há API disponível - sistema legado mainframe',
    'Possível com configuração específica de usuário técnico',
    'Acesso restritivo apenas em horário comercial (9h-17h)',
    'Terminal 3270, planilhas Excel locais, sistema de arquivos rede',
    'Não suporta RDP - acesso direto ao terminal',
    'Sim, rede dedicada e isolada para sistemas críticos',
    'Validação humana obrigatória para 100% dos casos antes da submissão',
    'Sistema legado IBM AS/400 com limitações de conectividade',
    'Sim, regulamentação BACEN específica e rigorosamente documentada',
    'Sim, mas com variações específicas por tipo de caso',
    'Sim, formatos de dados rígidos definidos pelo BACEN', NOW(), NOW()
),
(
    RANDOM_UUID(),
    'NOVO_PROJETO',
    'Novo projeto para automação de renovação de credenciais',
    'anderson.lima@stefanini.com', '230', '3f5d5b9a-2a6c-4d8e-8e2b-74a946e6f5f7',
    'Reset_Senha', 'Power Automate Desktop', 'STEFANINI',
    'ROI de 38% com redução de 60% nos chamados de suporte técnico',
    'Banco Inter Digital', 'Reset de Senhas', 'Segurança da Informação',
    'Renovação Automática de Credenciais de Sistema', 'Diária', 'Baixa sazonalidade',
    'Aproximadamente 80 renovações por dia útil distribuídas ao longo do dia',
    '3 minutos por renovação', 1, 'Active Directory via PowerShell e portal de autoatendimento',
    'Sim, MFA obrigatório para operações sensíveis de segurança',
    'Sim, CAPTCHA presente em algumas telas críticas do portal',
    'Não necessário certificado digital para esta operação específica',
    'Sim, PowerShell cmdlets e API Graph disponíveis',
    'Altamente recomendado usuário de serviço dedicado com privilégios mínimos',
    'Política rigorosa de rotação de senhas e controle de acesso',
    'Active Directory, portal web interno, sistema de tickets ServiceDesk',
    'Sim, servidor Windows Server 2019 dedicado para automação',
    'Não necessária VPN para Active Directory interno da rede',
    'Validação de identidade necessária em casos de usuários privilegiados',
    'Compatibilidade obrigatória com PowerShell 5.1+ e Windows Server',
    'Sim, políticas de senha corporativa rigorosamente definidas',
    'Sim, processo totalmente padronizado e auditado',
    'Sim, dados completamente estruturados em AD e banco SQL', NOW(), NOW()
),
(
    RANDOM_UUID(),
    'NOVO_PROJETO',
    'Automação do BookAdministrativo para compliance eSocial',
    'claudia.pereira@stefanini.com', '128', '3f5d5b9a-2a6c-4d8e-8e2b-74a946e6f5f7',
    'BookAdministrativo_eSocial', 'Power Automate Desktop', 'STEFANINI',
    'ROI de 42% com conformidade 100% com legislação trabalhista brasileira',
    'Recursos Corporativos Ltda', 'Processamento eSocial', 'RH e Fiscal',
    'Geração e Envio Automático de Eventos eSocial', 'Mensal', 'Alta sazonalidade (fechamentos mensais)',
    'Cerca de 1000 eventos por mês, concentrados nos últimos 5 dias úteis',
    '2 minutos por evento eSocial', 4, 'Sistema de folha proprietário e portal eSocial oficial',
    'Sim, certificado digital obrigatório A1/A3',
    'Não há CAPTCHA no portal oficial eSocial',
    'Sim, certificado digital A1/A3 obrigatório para assinatura digital',
    'Sim, webservices eSocial oficiais documentados pelo governo',
    'Necessário usuário autorizado e cadastrado no portal eSocial',
    'Certificado digital com validade controlada e backup necessário',
    'Portal eSocial oficial, sistema de folha interno, validador XML',
    'Sim, ambiente Windows 10/11 com certificado instalado',
    'Depende da configuração de rede - pode ser necessária',
    'Validação prévia obrigatória antes do envio oficial ao governo',
    'Certificado digital válido e autorizado + Java 8 específico',
    'Sim, layout eSocial rígido definido pelo Ministério do Trabalho',
    'Sim, processo regulamentado e obrigatório por lei',
    'Sim, XML estruturado conforme XSD oficial do eSocial', NOW(), NOW()
),
(
    RANDOM_UUID(),
    'NOVO_PROJETO',
    'Projeto de automação para input de faturamento Petrobras',
    'marcos.oliveira@stefanini.com', '99', '3f5d5b9a-2a6c-4d8e-8e2b-74a946e6f5f7',
    'input Faturamento Petrobras', 'Power Automate Desktop', 'STEFANINI',
    'ROI estimado de 55% com redução de 85% no tempo de processamento manual',
    'Petrobras Distribuidora', 'Input Faturamento', 'Financeiro e Contábil',
    'Processamento Automático de Dados de Faturamento', 'Diária', 'Média sazonalidade por região',
    'Volume de 150-300 faturas diárias, com variação por tipo de produto derivado',
    '12 minutos por lote de faturas', 6, 'Planilhas Excel padronizadas e sistema SAP R/3',
    'Sim, autenticação corporativa com SmartCard',
    'Não possui CAPTCHA nos sistemas internos',
    'Sim, certificado digital necessário para acesso SAP produção',
    'Parcialmente - algumas funcionalidades via BAPI SAP disponíveis',
    'Usuário técnico específico disponível com perfil adequado',
    'Acesso controlado por perfil SAP e horário comercial restrito',
    'SAP GUI 7.60, Excel 2019, sistema de arquivos de rede corporativa',
    'Sim, Citrix XenApp disponível para acesso remoto',
    'Sim, rede corporativa protegida com VPN obrigatória',
    'Aprovação manual necessária para faturas acima de R$ 50.000',
    'Versão específica SAP GUI 7.60 e Microsoft Office 2019',
    'Sim, regras de negócio petrolífero documentadas e aprovadas',
    'Sim, fluxo bem definido com matriz de aprovação',
    'Sim, dados estruturados em planilhas padronizadas e tabelas SAP', NOW(), NOW()
),
(
    RANDOM_UUID(),
    'NOVO_PROJETO',
    'Automação do processamento Master A Vista para transações',
    'isabela.ferreira@stefanini.com', '411', '3f5d5b9a-2a6c-4d8e-8e2b-74a946e6f5f7',
    'Master_A_Vista', 'Power Automate Desktop', 'STEFANINI',
    'ROI de 47% com melhoria significativa na precisão do processamento',
    'Mastercard Brasil Ltda', 'Processamento Cartões', 'Financeiro e Pagamentos',
    'Liquidação Automática de Transações A Vista', 'Contínua 24/7', 'Baixa sazonalidade',
    'Aproximadamente 5000 transações por hora em horário de pico comercial',
    '30 segundos por transação', 3, 'Sistema proprietário Mastercard via host dedicado',
    'Sim, tokens de segurança HSM obrigatórios',
    'Não há CAPTCHA em sistema de host mainframe',
    'Sim, HSM (Hardware Security Module) para transações críticas',
    'Sim, API dedicada Mastercard com documentação específica',
    'Usuário sistêmico pré-configurado com perfil de automação',
    'Acesso restritivo por certificado digital e lista de IPs autorizados',
    'Host Mastercard proprietário, sistema de monitoramento em tempo real',
    'Não aplicável - sistema host mainframe dedicado',
    'Sim, rede dedicada criptografada com protocolo proprietário',
    'Monitoramento automático com alertas para transações suspeitas',
    'Protocolo proprietário Mastercard e certificação PCI-DSS',
    'Sim, regras de liquidação Mastercard rigorosamente definidas',
    'Sim, processo completamente automatizado e padronizado',
    'Sim, formato ISO8583 e protocolos financeiros estruturados', NOW(), NOW()
),
(
    RANDOM_UUID(),
    'NOVO_PROJETO',
    'Projeto de tesouraria para extração automática Santander',
    'leonardo.castro@stefanini.com', '99', '3f5d5b9a-2a6c-4d8e-8e2b-74a946e6f5f7',
    'Tesouraria_Santander_ExtracaoComprovantesExtrato', 'Power Automate Desktop', 'STEFANINI',
    'ROI de 33% com redução de 75% no tempo de conciliação bancária',
    'Santander Brasil S.A.', 'Extração de Comprovantes', 'Tesouraria Corporativa',
    'Download Automático de Extratos e Comprovantes Bancários', 'Diária', 'Baixa sazonalidade',
    'Cerca de 50 contas bancárias com extratos diários para download automático',
    '90 segundos por conta bancária', 2, 'Internet Banking Santander Empresas via web',
    'Sim, token digital Santander obrigatório para acesso',
    'Sim, CAPTCHA ocasional em operações sensíveis',
    'Sim, certificado A3 necessário para algumas operações críticas',
    'Em desenvolvimento pelo banco - API Open Banking em fase de testes',
    'Possível com perfil de consulta dedicado sem privilégios transacionais',
    'Limite rigoroso de sessões simultâneas e timeout de segurança',
    'Internet Banking web responsivo, sistema de arquivos corporativo',
    'Sim, máquina virtual Windows 10 dedicada para automação',
    'Sim, VPN empresarial obrigatória para acesso externo',
    'Validação manual necessária para divergências de saldo significativas',
    'Versão específica do navegador Chrome v95+ com extensões desabilitadas',
    'Sim, procedimentos de tesouraria rigorosamente padronizados',
    'Sim, rotina diária de conciliação bem estabelecida',
    'Sim, formato PDF estruturado e planilhas Excel padronizadas', NOW(),NOW()
),
(
    RANDOM_UUID(),
    'NOVO_PROJETO',
    'Automação para geração massiva de boletos DDA',
    'carla.rodrigues@stefanini.com', '99', '3f5d5b9a-2a6c-4d8e-8e2b-74a946e6f5f7',
    'Gerar Boleto DDA', 'Power Automate Desktop', 'STEFANINI',
    'ROI de 40% com eliminação total de erros manuais na geração',
    'Empresa Financeira XYZ Ltda', 'Geração de Boletos', 'Cobrança e Recebíveis',
    'Emissão Automática de Boletos DDA em Lote', 'Diária', 'Sazonalidade comercial pronunciada',
    'Volume de 200-400 boletos por dia, com picos significativos em vencimentos',
    '2 minutos por boleto individual', 3, 'Sistema ERP interno integrado com banco conveniado',
    'Não utiliza MFA para geração de boletos',
    'Não possui CAPTCHA no processo atual',
    'Sim, certificado A1 necessário para conectividade bancária segura',
    'Sim, API de cobrança bancária disponível e documentada',
    'Usuário específico para automação com perfil limitado de cobrança',
    'Sem restrições específicas de horário ou localização',
    'Sistema ERP proprietário, portal bancário web, validador FEBRABAN',
    'Sim, servidor dedicado Windows Server 2019 para processos batch',
    'Não necessária VPN para sistemas internos da rede corporativa',
    'Validação obrigatória de dados críticos antes da geração em lote',
    'Conformidade rigorosa com padrão FEBRABAN 240 posições',
    'Sim, layout CNAB 240/400 rigorosamente definido pelo banco',
    'Sim, processo altamente repetitivo e padronizado',
    'Sim, dados estruturados CNAB e base de dados SQL Server', NOW(), NOW()
);

-- Inserindo analistas e pontos focais adicionais
INSERT INTO submitter_info (
    id,
    name,
    email,
    phone,
    department,
    company,
    role,
    is_active,
    requests_submitted,
    last_activity,
    joined_at
) VALUES
(
    '4a8d6c2e-3b7c-4e9f-9f3c-85b957f6e8a9',
    'Maria Silva Santos',
    'maria.santos@stefanini.com',
    '(11) 99999-1111',
    'CEL 504 | STEFANINI CONSULTORIA',
    'STEFANINI CONSULTORIA',
    'Analista',
    TRUE,
    0,
    NULL,
    NOW()
),
(
    '5b9e7d3f-4c8d-5f0e-0e4d-96c068e7a0f1',
    'João Pedro Oliveira',
    'joao.oliveira@stefanini.com',
    '(11) 99999-2222',
    'CEL 411 | STEFANINI CONSULTORIA',
    'STEFANINI CONSULTORIA',
    'Analista',
    TRUE,
    0,
    NULL,
    NOW()
);

-- Inserindo demandas de exemplo
INSERT INTO demands (
    name,
    doc_hours,
    dev_hours,
    type,
    description,
    focal_point_id,
    analyst_id,
    service_id,
    client_id,
    status,
    opened_at,
    start_at,
    ends_at,
    created_at,
    roi
) VALUES
(
    'Automação de Processo de Faturamento',
    8.0,
    40.0,
    'NOVO_PROJETO',
    'Desenvolvimento de RPA para automatizar o processo de geração de faturas mensais',
    '3f5d5b9a-2a6c-4d8e-8e2b-74a946e6f5f7',
    '4a8d6c2e-3b7c-4e9f-9f3c-85b957f6e8a9',
    101,
    201,
    'BACKLOG',
    CURRENT_DATE,
    DATEADD('DAY', 7, CURRENT_DATE),
    DATEADD('DAY', 30, CURRENT_DATE),
    NOW(),
    'ROI estimado de 30% em 12 meses'
),
(
    'Melhoria no Sistema de Aprovação',
    4.0,
    16.0,
    'MELHORIA',
    'Otimização do workflow de aprovação de documentos',
    '3f5d5b9a-2a6c-4d8e-8e2b-74a946e6f5f7',
    '5b9e7d3f-4c8d-5f0e-0e4d-96c068e7a0f1',
    102,
    202,
    'ASSESSMENT',
    DATEADD('DAY', -5, CURRENT_DATE),
    CURRENT_DATE,
    DATEADD('DAY', 15, CURRENT_DATE),
    DATEADD('DAY', -5, NOW()),
    'ROI estimado de 25% em 6 meses'
);

INSERT INTO robots (name, cell, technology, execution_type, client, robot_status) VALUES
('Anexar.Despesas.RM', '99', 'UiPath', 'ATTENDED', 'STEFANINI', 'ACTIVE'),
('Anexar.Despesas.RM Melhoria', '99', 'UiPath', 'ATTENDED', 'STEFANINI', 'ACTIVE'),
('DACTE RM', '99', 'UiPath', 'ATTENDED', 'STEFANINI', 'ACTIVE'),
('Lançamento de Correção monetária', '97', 'PAD', 'ATTENDED', 'STEFANINI', 'ACTIVE'),
('Balancete', '97', 'PAD', 'ATTENDED', 'STEFANINI', 'ACTIVE'),
('Conciliação Cliente Fornecedor', '97', 'PAD', 'ATTENDED', 'STEFANINI', 'ACTIVE'),
('Lançamento de Liminar', '97', 'PAD', 'ATTENDED', 'STEFANINI', 'ACTIVE'),
('Importação de Folha', '97', 'PAD', 'ATTENDED', 'STEFANINI', 'ACTIVE'),
('Anexar.Faturamento.HAUS.RM', '99', 'UiPath', 'ATTENDED', 'STEFANINI', 'ACTIVE'),
('Download.NF', '99', 'UiPath', 'ATTENDED', 'STEFANINI', 'ACTIVE'),
('Preventiva.Financeiro', '99', 'UiPath', 'ATTENDED', 'STEFANINI', 'ACTIVE'),
('input Faturamento Petrobras', '99', 'PAD', 'ATTENDED', 'STEFANINI', 'ACTIVE'),
('Conta a receber RM', '99', 'UiPath', 'ATTENDED', 'STEFANINI', 'ACTIVE'),
('Faturamento Leasing', '99', 'PAD', 'ATTENDED', 'STEFANINI', 'ACTIVE'),
('Anexar tarifas e rendimentos', '', 'UiPath', 'ATTENDED', 'STEFANINI', 'ACTIVE'),
('Baixa de pagamento (ITAU)', '99', 'UiPath', 'ATTENDED', 'STEFANINI', 'ACTIVE'),
('Baixa de pagamento (RM)', '99', 'UiPath', 'ATTENDED', 'STEFANINI', 'ACTIVE'),
('Gerar Boleto DDA', '99', 'PAD', 'ATTENDED', 'STEFANINI', 'ACTIVE'),
('Download GNRE', '107', 'UiPath', 'ATTENDED', 'STEFANINI', 'ACTIVE'),
('Anexar Guias RM', '107', 'UiPath', 'ATTENDED', 'STEFANINI', 'ACTIVE'),
('VW_Anexar_Evidencias', '397', 'UiPath', 'ATTENDED', 'STEFANINI', 'ACTIVE'),
('VW_Take_Over', '397', 'UiPath', 'ATTENDED', 'STEFANINI', 'ACTIVE'),
('PROD_ServiceAide_LLM_Vallourec_V1', '62', 'PAD', 'ATTENDED', 'STEFANINI', 'ACTIVE'),
('Caixa_Contestacao_Dispatcher', '411', 'PAD', 'ATTENDED', 'NECXT', 'ACTIVE'),
('Caixa_Contestacao_Performer', '411', 'PAD', 'ATTENDED', 'NECXT', 'ACTIVE'),
('Extracao_Fatura', '418', 'PAD', 'ATTENDED', 'STEFANINI', 'ACTIVE'),
('Execucao_Relatorios', '97', 'PAD', 'ATTENDED', 'STEFANINI', 'ACTIVE'),
('Deteccao_Perfil_Cliente', '504', 'PAD', 'ATTENDED', 'NECXT', 'ACTIVE'),
('Emissao_DFs', '97', 'PAD', 'ATTENDED', 'STEFANINI', 'ACTIVE'),
('Caixa_Reporte_Fraude_v1', '411', 'PAD', 'ATTENDED', 'NECXT', 'ACTIVE'),
('Caixa_Rejeitadas_70_v1', '411', 'PAD', 'ATTENDED', 'NECXT', 'ACTIVE'),
('Necxt_FEMSA_SAP_ColetaDados', '526', 'PAD', 'ATTENDED', 'NECXT', 'ACTIVE'),
('Tesouraria_Itau_ExtracaoComprovantesFornecedor', '99', 'PAD', 'UNATTENDED', 'STEFANINI', 'ACTIVE'),
('Tesouraria_Itau_ExtracaoComprovantesSalario', '99', 'PAD', 'UNATTENDED', 'STEFANINI', 'ACTIVE'),
('Tesouraria_Itau_ExtracaoComprovantesOP', '99', 'PAD', 'UNATTENDED', 'STEFANINI', 'ACTIVE'),
('Tesouraria_Itau_ExtracaoComprovantesExtrato', '99', 'PAD', 'UNATTENDED', 'STEFANINI', 'ACTIVE'),
('BookAdministrativo_Itau_Patinete_Dispatcher/Performer', '128', 'PAD', 'UNATTENDED', 'STEFANINI', 'ACTIVE'),
('Reset_Senha', '230', 'PAD', 'UNATTENDED', 'NECXT', 'ACTIVE'),
('Renovação de Acesso – Banco Inter', '230', 'PAD', 'UNATTENDED', 'NECXT', 'ACTIVE'),
('Visa_A_Vista', '411', 'JavaScript', 'ATTENDED', 'NECXT', 'ACTIVE'),
('Visa_Parcelado', '411', 'JavaScript', 'ATTENDED', 'NECXT', 'ACTIVE'),
('Elo_A_Vista', '411', 'JavaScript', 'ATTENDED', 'NECXT', 'ACTIVE'),
('Elo_Parcelado', '411', 'JavaScript', 'ATTENDED', 'NECXT', 'ACTIVE'),
('Master_A_Vista', '411', 'JavaScript', 'ATTENDED', 'NECXT', 'ACTIVE'),
('Master_Parcelado', '411', 'JavaScript', 'ATTENDED', 'NECXT', 'ACTIVE'),
('Rej_51_02_06', '411', 'JavaScript', 'ATTENDED', 'NECXT', 'ACTIVE'),
('Rej_58', '411', 'JavaScript', 'ATTENDED', 'NECXT', 'ACTIVE'),
('Rej_80', '411', 'JavaScript', 'ATTENDED', 'NECXT', 'ACTIVE'),
('Voucher', '411', 'JavaScript', 'ATTENDED', 'NECXT', 'ACTIVE'),
('Atc_B', '411', 'JavaScript', 'ATTENDED', 'NECXT', 'ACTIVE'),
('Solução_Manual', '411', 'JavaScript', 'ATTENDED', 'NECXT', 'ACTIVE'),
('Extrator_Sat', '411', 'JavaScript', 'ATTENDED', 'NECXT', 'ACTIVE'),
('Extrator_Siach', '411', 'JavaScript', 'ATTENDED', 'NECXT', 'ACTIVE'),
('Contestação_Dispatcher', '411', 'JavaScript', 'ATTENDED', 'NECXT', 'ACTIVE'),
('Submit', '411', 'Python/Selenium', 'ATTENDED', 'NECXT', 'ACTIVE'),
('Ef', '411', 'Python/JavaScript', 'ATTENDED', 'NECXT', 'ACTIVE'),
('Power Skill', '411', 'Python', 'ATTENDED', 'NECXT', 'ACTIVE'),
('Criação de Incidente Espelho - Vale', '621', 'PAD', 'ATTENDED', 'STEFANINI', 'ACTIVE'),
('Piloto 3.0', '411', 'PAD', 'ATTENDED', 'NECXT', 'ACTIVE'),
('Gerenciador de Incidentes', '621', 'PAD', 'ATTENDED', 'STEFANINI', 'ACTIVE'),
('BookAdministrativo_Espelho_Ponto', '128', 'PAD', 'UNATTENDED', 'STEFANINI', 'ACTIVE'),
('BookAdministrativo_ExtratosFGTS', '128', 'PAD', 'UNATTENDED', 'STEFANINI', 'ACTIVE'),
('BookAdministrativo_Holerite', '128', 'PAD', 'UNATTENDED', 'STEFANINI', 'ACTIVE'),
('BookAdministrativo_eSocial', '128', 'PAD', 'UNATTENDED', 'STEFANINI', 'ACTIVE'),
('BookAdministrativo_NatDocs', '128', 'PAD', 'UNATTENDED', 'STEFANINI', 'ACTIVE'),
('Tesouraria_Santander_ExtracaoComprovantesExtrato', '99', 'PAD', 'UNATTENDED', 'STEFANINI', 'ACTIVE'),
('BookAdministrativo_Marcacao_Britanica_Ponto_IA', '128', 'PAD', 'UNATTENDED', 'STEFANINI', 'ACTIVE'),
('Medicao PJ', '99', 'PAD', 'UNATTENDED', 'STEFANINI', 'ACTIVE'),
('Potencial SAP Cenarios de Teste', '596', 'PAD', 'UNATTENDED', 'STEFANINI', 'ACTIVE'),
('PosicoesBancarias_Itau', '99', 'PAD', 'UNATTENDED', 'STEFANINI', 'ACTIVE'),
('PosicoesBancarias_Santander', '99', 'PAD', 'UNATTENDED', 'STEFANINI', 'ACTIVE'),
('Inovação IA - Gerenciador de Projetos', '206', 'PAD Cloud', 'UNATTENDED', 'STEFANINI', 'ACTIVE'),
('InovacaoIA_Report_PreVendas', '206', 'PAD', 'UNATTENDED', 'STEFANINI', 'ACTIVE');